{"s1": 0.5125, "s2": 0.52109375, "s3": 0.5453125, "s4": 0.6078125, "vgg11": 0.57578125, "vgg13": 0.571875, "vgg16": 0.59375, "vgg19": 0.6328125, "resnet18": 0.6234375, "resnet50": 0.68046875, "resnet101": 0.6921875, "resnet152": 0.678125, "densenet121": 0.74375, "densenet161": 0.8234375, "densenet169": 0.81484375, "densenet201": 0.80703125, "inception": 0.6140625, "vit_b_16": 0.65859375, "vit_b_32": 0.8421875, "vit_l_16": 0.9046875, "vit_l_32": 0.6671875, "swin_t": 0.95703125, "swin_b": 0.9734375, "swin_s": 0.971875, "clip_v": 0.96640625, "noisy_student": 0.7640625}