{"s1": 0.571875, "s2": 0.5515625, "s3": 0.54375, "s4": 0.57734375, "vgg11": 0.36171875, "vgg13": 0.35703125, "vgg16": 0.36640625, "vgg19": 0.390625, "resnet18": 0.396875, "resnet50": 0.4125, "resnet101": 0.434375, "resnet152": 0.43515625, "densenet121": 0.42109375, "densenet161": 0.43515625, "densenet169": 0.43515625, "densenet201": 0.4421875, "inception": 0.4265625, "vit_b_16": 0.475, "vit_b_32": 0.46328125, "vit_l_16": 0.48046875, "vit_l_32": 0.47578125, "swin_t": 0.41484375, "swin_b": 0.45546875, "swin_s": 0.44453125, "clip_v": 0.478125, "noisy_student": 0.43515625}