{"s1": 0.83125, "s2": 0.8359375, "s3": 0.87265625, "s4": 0.84375, "vgg11": 0.69765625, "vgg13": 0.68359375, "vgg16": 0.70234375, "vgg19": 0.71875, "resnet18": 0.678125, "resnet50": 0.75546875, "resnet101": 0.74765625, "resnet152": 0.7890625, "densenet121": 0.7546875, "densenet161": 0.784375, "densenet169": 0.7796875, "densenet201": 0.790625, "inception": 0.72421875, "vit_b_16": 0.7671875, "vit_b_32": 0.7125, "vit_l_16": 0.88984375, "vit_l_32": 0.7015625, "swin_t": 0.88984375, "swin_b": 0.93828125, "swin_s": 0.92890625, "clip_v": 0.92578125, "noisy_student": 0.97421875}