{"s1": 0.49765625, "s2": 0.51484375, "s3": 0.5640625, "s4": 0.4375, "vgg11": 0.41015625, "vgg13": 0.39609375, "vgg16": 0.40390625, "vgg19": 0.4125, "resnet18": 0.4375, "resnet50": 0.47421875, "resnet101": 0.48125, "resnet152": 0.46796875, "densenet121": 0.4578125, "densenet161": 0.48046875, "densenet169": 0.4609375, "densenet201": 0.465625, "inception": 0.4359375, "vit_b_16": 0.53515625, "vit_b_32": 0.534375, "vit_l_16": 0.54609375, "vit_l_32": 0.56484375, "swin_t": 0.48359375, "swin_b": 0.509375, "swin_s": 0.49453125, "clip_v": 0.44453125, "noisy_student": 0.459375}