{"s1": 0.4015625, "s2": 0.42265625, "s3": 0.32890625, "s4": 0.40703125, "vgg11": 0.3078125, "vgg13": 0.28671875, "vgg16": 0.29296875, "vgg19": 0.2984375, "resnet18": 0.34375, "resnet50": 0.37109375, "resnet101": 0.37734375, "resnet152": 0.3609375, "densenet121": 0.3359375, "densenet161": 0.3671875, "densenet169": 0.3625, "densenet201": 0.36015625, "inception": 0.34453125, "vit_b_16": 0.42890625, "vit_b_32": 0.4140625, "vit_l_16": 0.409375, "vit_l_32": 0.42578125, "swin_t": 0.39921875, "swin_b": 0.41328125, "swin_s": 0.3953125, "clip_v": 0.41015625, "noisy_student": 0.4078125}