{"s1": 0.425, "s2": 0.434375, "s3": 0.43671875, "s4": 0.38671875, "vgg11": 0.3671875, "vgg13": 0.3359375, "vgg16": 0.3578125, "vgg19": 0.3671875, "resnet18": 0.41484375, "resnet50": 0.42421875, "resnet101": 0.4359375, "resnet152": 0.42890625, "densenet121": 0.390625, "densenet161": 0.425, "densenet169": 0.41953125, "densenet201": 0.41953125, "inception": 0.3953125, "vit_b_16": 0.47265625, "vit_b_32": 0.46484375, "vit_l_16": 0.46796875, "vit_l_32": 0.4859375, "swin_t": 0.4359375, "swin_b": 0.45390625, "swin_s": 0.44765625, "clip_v": 0.4484375, "noisy_student": 0.440625}