{"s1": 0.515, "s2": 0.3975, "s3": 0.4025, "s4": 0.52875, "s5": 0.5125, "vgg11": 0.27375, "vgg13": 0.23, "vgg16": 0.265, "vgg19": 0.24375, "resnet18": 0.3775, "resnet50": 0.37125, "resnet101": 0.4175, "resnet152": 0.41625, "densenet121": 0.3825, "densenet161": 0.44875, "densenet169": 0.42375, "densenet201": 0.41875, "inception": 0.45625, "vit_b_16": 0.54, "vit_b_32": 0.5325, "vit_l_16": 0.53625, "vit_l_32": 0.5525, "swin_t": 0.47375, "swin_b": 0.47875, "swin_s": 0.48625, "clip_v": 0.5525, "noisy_student": 0.60375}