{"s1": 0.38515625, "s2": 0.48828125, "s3": 0.47421875, "s4": 0.51015625, "vgg11": 0.353125, "vgg13": 0.34296875, "vgg16": 0.35859375, "vgg19": 0.37109375, "resnet18": 0.32890625, "resnet50": 0.325, "resnet101": 0.340625, "resnet152": 0.30546875, "densenet121": 0.45234375, "densenet161": 0.4625, "densenet169": 0.47109375, "densenet201": 0.465625, "inception": 0.3765625, "vit_b_16": 0.41875, "vit_b_32": 0.2953125, "vit_l_16": 0.403125, "vit_l_32": 0.30390625, "swin_t": 0.57109375, "swin_b": 0.5375, "swin_s": 0.5765625, "clip_v": 0.7671875, "noisy_student": 0.6515625}