{"s1": 0.8982142857142857, "s2": 0.85, "s3": 0.8973214285714286, "s4": 0.9071428571428571, "vgg11": 0.9169642857142857, "vgg13": 0.9107142857142857, "vgg16": 0.93125, "vgg19": 0.9339285714285714, "resnet18": 0.9375, "resnet50": 0.9607142857142857, "resnet101": 0.9794642857142857, "resnet152": 0.9714285714285714, "densenet121": 0.9705357142857143, "densenet161": 0.975, "densenet169": 0.96875, "densenet201": 0.9758928571428571, "inception": 0.95625, "vit_b_16": 0.9830357142857142, "vit_b_32": 0.9785714285714285, "vit_l_16": 0.9794642857142857, "vit_l_32": 0.975, "swin_t": 0.9767857142857143, "swin_b": 0.9839285714285714, "swin_s": 0.9830357142857142, "clip_v": 0.9919642857142857, "noisy_student": 0.9955357142857143}