{"s1": 0.8053571428571429, "s2": 0.8232142857142857, "s3": 0.85, "s4": 0.8410714285714286, "vgg11": 0.75625, "vgg13": 0.7839285714285714, "vgg16": 0.8026785714285715, "vgg19": 0.8142857142857143, "resnet18": 0.78125, "resnet50": 0.8455357142857143, "resnet101": 0.8741071428571429, "resnet152": 0.8821428571428571, "densenet121": 0.8723214285714286, "densenet161": 0.9053571428571429, "densenet169": 0.8928571428571429, "densenet201": 0.9044642857142857, "inception": 0.83125, "vit_b_16": 0.9401785714285714, "vit_b_32": 0.8848214285714285, "vit_l_16": 0.9392857142857143, "vit_l_32": 0.88125, "swin_t": 0.9294642857142857, "swin_b": 0.9419642857142857, "swin_s": 0.9383928571428571, "clip_v": 0.9758928571428571, "noisy_student": 0.9723214285714286}