{"s1": 0.91953125, "s2": 0.89765625, "s3": 0.88515625, "s4": 0.88984375, "vgg11": 0.96171875, "vgg13": 0.96015625, "vgg16": 0.97265625, "vgg19": 0.97109375, "resnet18": 0.9625, "resnet50": 0.97578125, "resnet101": 0.9828125, "resnet152": 0.9859375, "densenet121": 0.975, "densenet161": 0.97890625, "densenet169": 0.98203125, "densenet201": 0.9828125, "inception": 0.96796875, "vit_b_16": 0.990625, "vit_b_32": 0.9859375, "vit_l_16": 0.99296875, "vit_l_32": 0.9859375, "swin_t": 0.9828125, "swin_b": 0.9953125, "swin_s": 0.990625, "clip_v": 0.99609375, "noisy_student": 0.9953125}