{"s1": 0.5723214285714285, "s2": 0.5553571428571429, "s3": 0.5446428571428571, "s4": 0.5348214285714286, "vgg11": 0.4705357142857143, "vgg13": 0.48214285714285715, "vgg16": 0.48839285714285713, "vgg19": 0.50625, "resnet18": 0.4767857142857143, "resnet50": 0.5089285714285714, "resnet101": 0.5205357142857143, "resnet152": 0.5205357142857143, "densenet121": 0.525, "densenet161": 0.5535714285714286, "densenet169": 0.5330357142857143, "densenet201": 0.5464285714285714, "inception": 0.5160714285714286, "vit_b_16": 0.6107142857142858, "vit_b_32": 0.5589285714285714, "vit_l_16": 0.6116071428571429, "vit_l_32": 0.5544642857142857, "swin_t": 0.6008928571428571, "swin_b": 0.6205357142857143, "swin_s": 0.6285714285714286, "clip_v": 0.6339285714285714, "noisy_student": 0.6196428571428572}