{"s1": 0.9425, "s2": 0.96, "s3": 0.8275, "s4": 0.9225, "s5": 0.92875, "s6": 0.90875, "s7": 0.92625, "vgg11": 0.54875, "vgg13": 0.56, "vgg16": 0.5425, "vgg19": 0.545, "resnet18": 0.58, "resnet50": 0.59625, "resnet101": 0.63, "resnet152": 0.6675, "densenet121": 0.63, "densenet161": 0.66, "densenet169": 0.65625, "densenet201": 0.6775, "inception": 0.63, "vit_b_16": 0.66, "vit_b_32": 0.6575, "vit_l_16": 0.62875, "vit_l_32": 0.6875, "swin_t": 0.64, "swin_b": 0.69, "swin_s": 0.675, "clip_v": 0.81125, "noisy_student": 0.8775}