{"s1": 0.53984375, "s2": 0.56171875, "s3": 0.5625, "s4": 0.5515625, "vgg11": 0.30859375, "vgg13": 0.3203125, "vgg16": 0.34296875, "vgg19": 0.3546875, "resnet18": 0.328125, "resnet50": 0.40546875, "resnet101": 0.43203125, "resnet152": 0.45078125, "densenet121": 0.44375, "densenet161": 0.503125, "densenet169": 0.48125, "densenet201": 0.4828125, "inception": 0.44921875, "vit_b_16": 0.521875, "vit_b_32": 0.5375, "vit_l_16": 0.52890625, "vit_l_32": 0.5546875, "swin_t": 0.4609375, "swin_b": 0.50078125, "swin_s": 0.4890625, "clip_v": 0.60078125, "noisy_student": 0.58125}